ID;Deal ID;Spatial accuracy level;Location;Point;Facility name;Location description;Comment on location
h_Ikeox-;710;Administrative region;Punta Colorada, Río Negro, Argentina;-41.83692,-65.19556;;;Río Negro, Between the land of Solari Yrigoyen and Punta Colorada
Ph2RbCSj;717;Administrative region;Río Negro, Argentina;-40.73443,-66.61765;;;"Province ""Río Negro"""
UuEBndEN;724;Administrative region;Buenos Aires Province, Argentina;-37.20173,-59.84107;;;
m3B1vgMY;727;Coordinates;Malargüe, Mendoza Province, Argentina;-35.48446,-69.57975;;;Los establecimientos de la empresa en Mendoza son Campo el Álamo, Las Juntas, Los Molles, Las Leñas, Valle Hermoso, Los Amarillos, Agua del Toro, Río Colorado (sur de Mendoza). En estas propiedades están la laguna Niña Encantada, el Pozo de las Ánimas, el centro termal Los Molles, el Centro de Ski las Leñas, la Laguna de Valle Hermoso y otros espejos de agua cordilleranos.
XBYgadvF;727;Coordinates;Los Molles, Mendoza, Argentina;-35.16562,-69.93887;El Álamo;;Es uno de los campos de la empresa, tiene 150000 hectáreas. parte de estas hectáreas se encuentran arrendadas a pequeños productores
naHFfLmu;729;Coordinates;La Pampa Province, Argentina;-37.83148,-65.10498;;;Coordinates: -37.83148014503287, -65.10498046875
-qZvhM6F;734;Administrative region;Neuquen, Argentina;-38.94587,-68.07309;;;Patagonia
PoDZmiSC;736;Approximate location;Victoria, Entre Rios, Argentina;-32.62159,-60.15753;;;Isla Irupé
-hxEDZdb;737;Coordinates;Caucete, San Juan Province, Argentina;-31.66865,-68.21791;;;Caucete, Valle tulum
opX7pVPo;738;Coordinates;Gobierno Autonomo Municipal de San Pedro, Santisteban, San Pedro, Bolivia;-16.342274,-63.583285;;;
3MDktnmH;739;Administrative region;Chané, Bolivia;-17.00712,-63.22384;;;
in-dMpmM;744;Administrative region;San Pedro, Santa Cruz de la Sierra, Bolivia;-17.74708,-63.1817;;;"San Pedro, north of Santa Cruz
Coordinates: -14.867150772062557, -61.51622772216797"
ZJYW1pg9;747;Administrative region;Naviraí, Mato Grosso del Sur, Brasil;-23.06215,-54.20181;;;
i91208JH;749;Coordinates;Januária - Minas Gerais, Brasil;-14.843079,-44.762502;Fazenda Nova Buriti;;
lNtS_cgg;754;Administrative region;State of São Paulo, Brazil;-23.54318,-46.62918;;;Goias, Mato Grosso, Bahia
HTV2Bjng;766;Administrative region;State of Rio Grande do Sul, Brazil;-30.34326,-54.88164;;;Valle del Rio Jurua
ZitJ9Q1p;767;Exact location;Bahia, Santa Cruz de Cabrália;-16.23577,-39.01794;;;"Bahia, Santa Cruz de Cabrália
Coordinates: -16.235772, -39.017944
The total area also includes the following municipalities: Belmonte, Canavieiras, Eunápolis, Guaratinga, Itabela, Itagimirim, Itapebi, Mascote, Porto Seguro, Potiraguá and Santa Cruz Cabrália."
4CufZnAX;768;Coordinates;Ibaté, São Paulo, Brazil;-22.011662,-48.000266;Fazenda da Serra;;
O_T_KJmJ;768;Coordinates;Jardim das Orquideas, Barra Bonita - Estado de São Paulo, Brasil;-22.47917,-48.541263;Fazenda Pau D`Alho;;
otDX28PY;768;Coordinates;Capivari, Estado de São Paulo, Brasil;-22.874155,-47.452516;Fazenda Bom Retiro;;
vjV7pAvV;768;Coordinates;Potunduva, Jaú - Estado de São Paulo, Brasil;-22.36697,-48.686284;Fazenda São José;;
gleiRuwY;768;Coordinates;Dois Córregos, Estado de São Paulo, Brasil;-22.33907,-48.406112;Fazenda Santo Antonio Prédio;;
EQiqUbck;768;Coordinates;Jataí, Goiás, Brasil;-17.700475,-51.626018;Fazenda Santo Antonio do Rio Doce;;
DWxSreB5;768;Coordinates;Maracaí, Estado de São Paulo, Brasil;-22.575202,-50.653447;Fazenda Santa Amélia;;
I4IXF-LS;768;Coordinates;Elias Fausto, Estado de São Paulo, Brasil;-23.023032,-47.457284;Fazenda Sobrado;;
qeuGP9-e;768;Coordinates;Tarumã, Estado de São Paulo, Brasil;-22.78588,-50.55181;Fazenda Nova América;;
o7h_wejn;768;Coordinates;Morro Agudo, Estado de São Paulo, Brasil;-20.612922,-47.999287;Fazenda Invernada;;
FNg62uMu;768;Coordinates;Morro Agudo, Estado de São Paulo, Brasil;-20.827506,-48.157286;Fazenda Sucuri;;
os_TMbcR;768;Coordinates;Rio Brilhante, Mato Grosso del Sur, Brasil;-21.509181,-54.71119;Fazenda Passa Tempo;;
7g6EEf81;774;Administrative region;Estado de Paraná, Brasil;-25.25209,-52.02154;;;Parana and Sao Paulo.
Q11q5tsM;775;Coordinates;Baixa Grande do Ribeiro, Piauí, Brasil;-8.19683,-45.31959;Fazenda Cremaq;;
Fnscui-1;776;Coordinates;Alto Taquari, Mato Grosso, Brasil;-17.756196,-53.527162;Alto Taquari;;
pxvlnMO3;778;Administrative region;Pará, Brasil;-6.2071,-52.7028;;;El proyecto se desarrolla en los municipios de São Miguel do Guamá, São Domingos do Capim, Irituia, Mãe do Rio, Aurora do Pará, Santa María do Pará y Capitão Poço
NjQX963-;779;Coordinates;Ivinhema - Mato Grosso do Sul, Brazil;-22.3822,-53.89542;;;"Usina Ivinhema -22.382201, -53.895418
Usina Angelica -22.039654318209784, -53.84371344205901"
ZkxEkHcZ;781;Administrative region;Tocantins, Brasil;-11.40987,-48.71914;Fazenda Cerambo;;
5ytS3goN;783;Administrative region;Mato Grosso, Brasil;-12.68187,-56.9211;;;Mato Grosso
Et6iTxJX;784;Administrative region;Barreirinha, State of Amazonas, 69160-000, Brasil;-2.79991,-57.06835;;;
KHDiFSeJ;785;Administrative region;State of Bahia, Brazil;-12.57974,-41.70073;;;
JDOiOMKU;794;Administrative region;Ovalle, Ovalle, Coquimbo Region, Chile;-30.6043,-71.19699;;;
iz7X_Vz8;795;Administrative region;Maule Region, Chile;-35.51636,-71.5724;;;
iNv8LPj8;801;Administrative region;Norte de Santander, Tibú;8.65468,-72.73825;;;"Norte de Santander, Tibú.
The polygons presented here represent some of the properties belonging to Bioagroindustrial de Colombia. By comparing the name of the facilities mentioned in Source 12 and cadastral data, it was possible to determine some plots. Finding the other plots was complicated because a lot of properties in the area have the same name, therefore selecting one of them would have some considerable error. The area has extended plantations of palm oil."
_76lBAmq;815;Administrative region;Peninsula De Nicoya, Costa Rica;10.03199,-85.44099;;;
l8M9RpEd;818;Country;Cuba;21.52176,-77.78117;;;
j0KgO5dB;833;Coordinates;Chiquimililla, Santa Rosa, Guatemala;13.9614,-90.3922;Finca San Francisco - La Canoa;;
_kuMi746;840;Coordinates;Sayaxché, Guatemala;16.22284,-90.36154;;;Tierra Blanca
x2wRwEJc;840;Coordinates;Ixcán, Guatemala;15.99394,-90.46837;;;
p7fbUZKC;843;Coordinates;Alta Verapaz Department, Guatemala;15.36066,-89.69258;;;Valle Polochic: Panzos, Alta Verapaz, El Estor, Mariscos
Z8bZHcsz;844;Coordinates;Morales, Guatemala;15.58221,-88.59405;;This is the location of one of the company's farm, Finca Dublin.;" (Izabal), Puerto Barrios y Morales 
Coordinates: 15.4204597488621, -88.7514801134764"
S93z1qQc;847;Administrative region;Upper Takutu-Upper Essequibo, Guyana;2.92396,-58.73736;;;Rewa Head
fMJtwCZk;849;Administrative region;Guyana;4.86042,-58.93018;;;
F4WzJ--G;851;Administrative region;Bartica, Guyana;6.40432,-58.62582;;;
EVMrD4qb;854;Coordinates;Oaxaca, OAX, México;16.54027,-94.95388; Eurus;;
vJ2pQZBp;855;Administrative region;Juchitán de Zaragoza, Oax., México;16.44069,-95.02212;Parques Ecológicos de México;;
wx_oNzF5;859;Administrative region;Tizimín, Yuc., Mexico;21.14547,-88.14961;;;
IO710S9u;860;Administrative region;San Dionisio del Mar, OAX, México;16.321,-94.75064;Barra Santa Teresa;;
WEFth2gB;869;Coordinates;Boquerón, Paraguay;-21.74491,-60.954;Estancia Jerovia- Cresca S.A.;;Located in Mariscal José Felix Estigarribia, District of Boquerón, Chaco Paraguayo, Republic of Paraguay.
Lk7YE_YP;877;Coordinates;Caazapa, Paraguay;-26.04361,-56.3;La Milagrosa Farm;;"26°2""37' S
56°18""0' W"
INCHtBRs;879;Administrative region;Chaco, Paraguay;-27.3144,-58.5519;;;Chaco region.
dPDgOWru;884;Administrative region;Ucayali, Perú;-9.82512,-73.08775;;Quebrada Matupay;Ucayali
q6mAPnT_;892;Administrative region;Ica, Peru;-13.93794,-75.80071;;;
VJUYK2TA;924;Administrative region;Paysandú, Uruguay;-32.44664,-57.86132;;Las operaciones de la empresa se encuentran distribuidas en los departamentos de Cerro largo, Colonia, Durazno, Flores, Florida, Lavalleja, Paysandú, Rio Negro, Rivera, Rocha, Salto, Soriano, Tacuarembó y Treinta y Tres.;
3iaOQUxW;924;Administrative region;Rio Negro, Uruguay;-33.12081,-58.25523;;;
FyqjuYOW;928;Administrative region;Tacuarembo, Uruguay;-31.73333,-55.98333;;;Tacuarembó in the North Central region of Uruguay
eagaTjdc;933;Administrative region;Durazno, Uruguay;-33.07845,-56.025;;;
NR5FoaVv;934;Administrative region;Cerro Largo, Uruguay;-32.20248,-54.25931;;;
N1lEjcRI;937;Coordinates;Durazno, Uruguay;-33.06031,-56.08536;Estancia La pecuaria;;
SHhWLmGy;938;Administrative region;Guárico, Venezuela;8.74893,-66.23672;;;Guárico, Delta Amacuro, Barinas, Apure y Portuguesa
5FDRsOgX;938;Administrative region;Delta Amacuro, Venezuela;8.83159,-61.51805;;;
cRXm7280;938;Administrative region;Barinas, Venezuela;8.62315,-70.2371;;;
QxmcPCI1;938;Administrative region;Apure, Venezuela;6.92695,-68.52471;;;
kA_TTi9n;938;Administrative region;Portuguesa, Venezuela;9.0944,-69.09702;;;
UXuItPq5;1021;Administrative region;Commewijne, Suriname;5.74021,-54.87312;;;
Q4Y8zbpo;1062;Exact location;Buenos Aires, Buenos Aires Steppe;-37.66519,-59.06498;;;"Buenos Aires, Buenos Aires Steppe
Coordinates: -37.665192442821, -59.0649766764429"
plr13VX7;1063;Administrative region;Corrientes, Corrientes Province, Argentina;-29.21113,-58.53102;Estancia oscuro;;Este es uno de los tres establecimientos de la empresa en la provincia
2M0McuDn;1063;Administrative region;;-29.20405,-58.04983;Molino mercedes;;Este es uno de los tres establecimientos de la empresa en la provincia
4DX1K7nZ;1063;Administrative region;;-29.28994,-57.72979;Estancia Ita caabó;;Este es uno de los tres establecimientos de la empresa en la provincia.
rRXtfUM_;1064;Exact location;San Javier, Santa Fe Province, Argentina;-30.73579,-60.01268;;;"Santa Fé, San Javier. Estancia San Joaquín de Pilagá
Coordinates: -30.7357887748924, -60.012682

Spatial data derived from the Mapathon 2020."
zzE5sHNo;1065;Coordinates;Santiago del Estero, Bandera, Santiago del Estero, Argentina;-29.06084,-62.50624;Estancia Santa Lucía;;"Santiago del Estero, Zona de Bandera. Estancia Santa Lucía
Coordinates: -29.060837, -62.506245"
2RxHsbXy;1066;Coordinates;Las Lajitas, Salta Province, Argentina;-24.82907,-64.21049;Los guayacanes;;"Salta, Las Latijas. Los Guayacanes
Coordinates: -24.829073, -64.210492"
NXSYJDW3;1067;Coordinates;Los Juríes, Santiago del Estero Province, Argentina;-28.36367,-62.19707;La Guarida;;
Xb7Lq0Hv;1084;Administrative region;Huarochiri, Peru;-12.13858,-76.22763;;;Lima, Mala River Valley
7A4nsSqM;1086;Administrative region;Loreto, Perú;-4.23247,-74.21793;;;Loreto, Marití zone
BpgFD2vF;2180;Administrative region;Belém - Pará, Brasil;-1.45502,-48.50237;;;La empresa se encuentra en dos complejos agroindustriales uno en el municipio de Tailandia y el otro en Tome-Açu. Su sede administrativa se encuentra en Belém.
cEMZIgs8;3055;Coordinates;Osório, Río Grande del Sur, Brasil;-29.96958,-50.29019;Osorio 1;;
9449fe3F;3055;Coordinates;Osório, Río Grande del Sur, Brasil;-29.95706,-50.25417;Osorio 2;;
PIL5ovBr;3107;Coordinates;Santa Rosalía, Vichada, Colombia;4.6782,-70.9838;;;"The areas described in the attached Shapefile were obtained comparing the names of the land holdings mentioned in the Oxfam report ""Divide y Comprarás"", which was published in 2013. Some characteristics of each holding bought by Cargill and their subsidiaries can be found in the attachment of this report. This information was crossed with Georreferenced data by the Instituto Geográfico Agustín Codazzi and the polygons here displayed correspond to those mentioned in the Oxfam report. There were some difficulties trying to find 4 of them"
cMXqUfry;3107;Coordinates;Cumaribo, Vichada, Colombia;4.6436,-70.9747;;;The polygons shown in this location are not mentioned in the Oxfam report. It should be stated that there is no certainty on the ownership of these holdings by Cargill or any of its subsidiaries. Nevertheless, by comparing satellite imagery and the location of the Cargill properties, one can suspect that these might have some relationship to Cargill. First, there is a continuity between these plots and plantations present in Cargill areas owned by Cargill. Second, those are large monoculture complexes with irrigation infrastructure that is not found anywhere close to this area. The polygons contained here might have some relationship to Cargill, but it is not certain.
Bm_we_vB;3112;Administrative region;Antioquia, Colombia;7.19861,-75.34122;;;
hLECGLCX;3121;Coordinates;Pivijay, Magdalena, Colombia;10.4512,-74.5608;"El Avion; Murillo";;"The polygons that represent the area of the firm ""Agrifuels"" might not be completely accurate. They were obtained from company sources that depict the landholdings. Media sources and documents from environmental authorities let know that at least 2 of the landholdings are known as ""El Avión"" and ""Murillo"". It seems that the latest one is now known as ""El Puente"". This had some legal problems during the land transactions, since the previous owner of the property asserts that the land authority of Colombia (Incoder by this time) allowed the transfer of abandoned land to paramilitary groups. Please see Source 14 for more detail on the location

Source 13, 17, 14"
IDXawbdL;3216;Administrative region;Pehuajó, Buenos Aires, Argentina;-35.811,-61.89568;La Esmeralda;;
3XoZ9x1H;3217;Administrative region;Villa Cañas, Santa Fe, Argentina;-34.00423,-61.60573;La Dolores;;
3encan0D;3218;Administrative region;Ceres, Santa Fe, Argentina;-29.88281,-61.94916;El Charabón;;
VwTGfAWo;3248;Administrative region;Virú, Peru;-8.43127,-78.77759;;;
Vd-zOpS_;3250;Administrative region;La Libertad, Peru;-8.14359,-78.47519;;;Chavimochic project
x1_o-CO3;3252;Administrative region;Virú, Peru;-8.41656,-78.75187;;;
RrsrCHpk;3628;Administrative region;Departamento de Río Negro, Uruguay;-32.76254,-57.10132;Mena Fra (Monitor del establecimiento);;
Ipl48msd;3629;Administrative region;Sarandí de Navarro, Uruguay;-32.54397,-56.8642;Los Naranjos;;
6RZIXe-B;3631;Administrative region;Florida, Uruguay;-34.1,-56.21667;San Pedro;;
pTlJrwUr;3632;Administrative region;San Gabriel, Uruguay;-34.03796,-55.88645;Doña Celia;;
zZOto44a;3633;Administrative region;San Gabriel, Uruguay;-34.03796,-55.88645;Cunatay;;
e3MUWO9N;3634;Administrative region;San Gabriel, Uruguay;-34.03796,-55.88645;Sta. Elvira (Martinez) ;;
JnQr1auD;3648;Coordinates;Departamento de Rocha, Uruguay;-33.83085,-53.96003;El Monasterio (Monitor Farm);;
smPhTxPN;3649;Administrative region;Departamento de Rocha, Uruguay;-33.96749,-53.91066; Tobay (Santa Isabel);;
awPhSFRo;3650;Administrative region;Departamento de Rocha, Uruguay;-33.96749,-53.91066;Cuatro Cerros;;
-Vioxf2C;3651;Administrative region;Departamento de Lavalleja, Uruguay;-34.00404,-54.96118; Las Novillas, Adriana & Marichal;;
yxwd-Arw;3668;Administrative region;Bonanza, Nicaragua;14.0312,-84.59295;;;
7E8mreXb;3727;Administrative region;Cerro Largo, Uruguay;-32.20248,-54.25931;;;
5OcUuYGA;3728;Administrative region;Flores, Uruguay;-33.56295,-56.83111;;;
7VMoi0s1;3729;Administrative region;Flores, Uruguay;-33.56295,-56.83111;;;
XWpzbKoN;3748;Administrative region;Puerto Morazán, Nicaragua;12.84713,-87.17283;;;
Lvylm1mI;3754;Administrative region;El Castillo, Nicaragua;12.51628,-84.98825;;;
dwoQfmUV;3754;Administrative region;San Juan River, Nicaragua;10.92747,-83.6862;;;
Zyz5HhKL;3754;Administrative region;San Carlos, Nicaragua;11.12925,-84.77725;;;
9rjLMqx7;3796;Coordinates;Antioquia, Colombia;6.45147,-74.82511;;;The pine plantations and properties of Agrícola de La Sierra are located in the municipalities of Amalfi, Yalí, Vegachi, Yolombó, Maceo, Caracolí and San Roque. For more detail, please look at source 9, where a map is shown. Satellite imagery show some reforestation done by the company.
N1g3XYHk;3878;Administrative region;Azul, Buenos Aires Province, Argentina;-36.77497,-59.85404;;;
Y8oaQQFA;3891;Coordinates;Vichada, Colombia;5,-70.83446;Veracruz;;Given that Riopaila Castilla made use of legal artifacts to circumvent law 160 of 1994, which impedes any company or person to be the owner of more than one UAF of land previously allocated by the state, it is highly complicated to discern the actual domains of the company. Nevertheless, by comparing information from media reports, legal documents of the Ministry of Interior and the company's sustainability and financial report, some of the holdings were signaled. This shapefile might not be completely accurate and should be use a first source to check whether the company is managing them, or not. Please see Source 15 to see a map indicating some of the areas of influence of the company.
FBTnhaZ8;3927;Exact location;Agua Blanca Sur, Yoro, Honduras;15.283574,-87.888413;;;
M6WKoJKs;3928;Administrative region;La Victoria, Paraguay;-22.29,-57.94;;;
DFEsBS72;3942;Administrative region;Villaguay, Entre Ríos Province, Argentina;-32.27732,-58.49958;;;
OBc1e2Oo;3948;Administrative region;Saint Catherine Parish, Jamaica;18.03641,-77.05645;;;Chinese investors (Complant) bought Bernard Lodge estate in St Catherine, Frome in Westmoreland and Monymusk in Clarendon. 
egF8Xfxy;3948;Administrative region;Clarendon Parish, Jamaica;17.95572,-77.24052;;;
sG1tvSom;4024;Administrative region;Durazno, Uruguay;-33.36667,-56.51667;;;
USG-zqNy;4025;Administrative region;Departamento de Durazno, Uruguay;-33.07845,-56.025;;;Uruguay in the center, 60 km from Durazno and 210 km from Montevideo.
UbKe6QSc;4026;Administrative region;Durazno, Nuevo Berlín, Uruguay;-32.98156,-58.04682;;;Uruguay in the center, 60 km from Durazno and 210 km from Montevideo.
uQcaesPL;4027;Administrative region;Departamento de Durazno, Uruguay;-33.07845,-56.025;;;Central area of Uruguay, 60 km from the city of Durazno, Montevideo at 210 km and 240 km from Port of Nueva Palmira.
WxGXt2Xj;4044;Administrative region;La Primavera, Vichada, Colombia;6.62674,-70.47512;;;This case is in the middle of Colombia controversy for its landgrabbing purposes.
OWJS1hIs;4045;Administrative region;La Primavera, Vichada, Colombia;5.45228,-70.30346;;;This case is in the middle of Colombia controversy for its landgrabbing purposes.
wmok20AU;4046;Administrative region;La Primavera, Vichada, Colombia;5.47962,-70.17299;;;This case is in the middle of Colombia controversy for its landgrabbing purposes
TYDtn1Ze;4047;Administrative region;La Primavera, Vichada, Colombia;5.38666,-70.46413;;;This case is in the middle of Colombia controversy for its landgrabbing purposes.
B81C8A9u;4048;Administrative region;La Primavera, Vichada, Colombia;5.48646,-70.45452;;;This case is in the middle of Colombia controversy for its landgrabbing purposes
uG_ky4FY;4049;Administrative region;La Primavera, Vichada, Colombia;5.46322,-70.38997;;;This case is in the middle of Colombia controversy for its landgrabbing purposes
hbkAGJjT;4050;Administrative region;La Primavera, Vichada, Colombia;5.44681,-70.43667;;;This case is in the middle of Colombia controversy for its landgrabbing purposes
rWUzqSf8;4051;Administrative region;La Primavera, Vichada, Colombia;5.49047,-70.4068;;;This case is in the middle of Colombia controversy for its landgrabbing purposes
Q3MQh0bc;4052;Administrative region;La Primavera, Vichada, Colombia;5.48834,-70.40937;;;This case is in the middle of Colombia controversy for its landgrabbing purposes
f8QyF9XH;4053;Administrative region;La Primavera, Vichada, Colombia;5.4903,-70.40242;;;This case is in the middle of Colombia controversy for its landgrabbing purposes
YbU4M_a5;4070;Administrative region;Rivadavia, Salta, Argentina;-24.18867,-62.88299;Finca la Peregrina;;Finca comprada a CRESUD
wM9HRsnE;4081;Administrative region;Cristalina - Goiás, Brasil;-16.77606,-47.60072;;;Farms Bom Sucesso I, II, III and IV,
slXXh6FH;4082;Administrative region;Porto dos Gaúchos, Porto dos Gaúchos - MT, Brazil;-11.90991,-57.00174;;;Fazenda Rio Norte ubicada entre los municipios de Porto dos Gauchos e Itanhangá en Mato Grosso.
bcYilJOe;4087;Administrative region;Martinópolis, Martinópolis - SP, Brazil;-22.14951,-51.1721;;;Mosquito Farm
rWG1cWWy;4088;Administrative region;Chapadão do Sul, Chapadão do Sul - MS, Brazil;-18.79433,-52.61919;;;San Diego Farm
LUOzGSli;4089;Administrative region;Narandiba, Narandiba - SP, Brazil;-22.40705,-51.52423;;;Fromosa Farm
79j_XQKP;4090;Administrative region;Costa Rica, Costa Rica - MS, Brazil;-18.54365,-53.12921;;;San Jorge Farm 
RZ-vnb4i;4091;Administrative region;Bandeirantes, Bandeirantes - MS, Brazil;-19.92794,-54.35895;;;San José I Farm
iILUz8XT;4092;Administrative region;Bandeirantes, Bandeirantes - MS, Brazil;-19.92794,-54.35895;;;San José II Farm
M0ICcz75;4094;Administrative region;Alto Boa Vista, Alto Boa Vista - MT, Brazil;-11.67362,-51.38878;;;"""San Martín"" Farm"
e9QxBEMB;4095;Administrative region;Canarana, Canarana - MT, Brazil;-13.55647,-52.26911;;;San Francisco Farm
rRl1VqsD;4096;Administrative region;Campo Novo do Parecis, Campo Novo do Parecis - MT, Brazil;-13.65925,-57.89299;;;San Antonio Farm
a8OfvEX6;4132;Administrative region;Tacuarembo, Uruguay;-32.01067,-55.66896;;;"25524 hectares. Region 2 of UAG
Farms (Yaguarí, Aldea San Joaquin, Villa Lucero, Las Acacias and Rincón)"
QdV3K0ZI;4133;Administrative region;Paysandu, Uruguay;-32.22166,-57.46273;;;"10178 hectares. Region 4 of UAG
Farms (La Beba y La Victoria)"
gtdAJ2sA;4134;Administrative region;Cerro Largo, Uruguay;-32.23965,-54.70975;;;"UAG Region 1. It has 2666 hectares under production in Cerro Largo
"
CUdMMoIs;4135;Administrative region;Rivera, Uruguay;-30.90784,-55.55943;;;UAG Region 1. 15693 has in production in Rivera.
mm23PXBK;4136;Administrative region;Paysandu, Uruguay;-32.22166,-57.46273;;;UAG Region 3. It has 7064 hectares under production in Paysandú
hbra1zl0;4137;Administrative region;Salto, Uruguay;-31.39388,-57.93232;;;UAG Region 3. It has 9262 hectares under production in Salto
fBGgs5Qf;4138;Administrative region;Artigas, Uruguay;-30.42097,-56.48857;;;UAG Region 3. It has 1192 hectares under production in Artigas
I3RCz2_P;4139;Administrative region;Treinta y Tres, Uruguay;-33.23808,-54.35481;;;UAG Region 5. It has 13052 hectares under production in Treinta y Tres
Mx0Qw-53;4140;Administrative region;Treinta y Tres, Uruguay;-33.26134,-54.39103;;;UAG Region 6. It has 769 hectares under production in Treinta y Tres.
7Y06A-sz;4141;Administrative region;Cerro Largo, Uruguay;-32.2048,-54.25811;;;UAG Region 7. It has 5217 hectares under production in Paysandú
nf9CRcTo;4142;Administrative region;Maldonado, Uruguay;-34.86818,-54.91326;;;"UAG. Other properties. Casco Patricio Farm in Maldonado.
922 has."
CJJuU_8S;4168;Coordinates;Correntina, Correntina - BA, Brazil;-13.309986,-45.517737;Fazenda Rio do Meio;;
eJerzHKq;4169;Coordinates;Jaborandi, Jaborandi - BA, Brazil;-14.00557,-45.50906;Fazenda Arrojadinho;;
mvztj6FV;4170;Administrative region;Caçu, Goiás, Brasil;-18.56075,-51.13348;Fazenda Boa Vista;;
wbTnpj85;4171;Coordinates;Jaborandi, Jaborandi - BA, Brazil;-14.11611,-45.70722;Fazenda Novo México;;
07HUf8bz;4172;Coordinates;Correntina, Correntina - BA, Brazil;-13.42514,-46.06768;Fazenda Santana;;
VEMe-3uv;4173;Coordinates;São Desidério, São Desidério - BA, Brazil;-13.17242,-46.02252;Fazenda Iowa;;
iLT8U9wl;4208;Coordinates;São Desidério, Bahía, Brasil;-13.098074,-45.846229;Fazenda Paladino;;
0VUJsY-R;4209;Coordinates;Jaborandi, Bahia, Brazil;-14.000584,-45.907736;Fazenda Jatobá;;
WNGx8LrX;4211;Coordinates;Correntina - Bahia, Brazil;-13.372292,-45.402377;Chaparral Farm;;
ILu2qFsA;4212;Coordinates;Baianópolis - Bahia, Brazil;-12.927043,-44.305127;;;Preferência Farm
IL6iuhVN;4218;Administrative region;Luis Eduardo Magalhães, Luís Eduardo Magalhães - Bahía, Brasil;-12.08066,-45.77866;Bonanza Farm;;
t1wAiKMQ;4219;Administrative region;Barreiras, Bahía, Brasil;-12.14775,-44.99535;Morena Farm;;
iGqvnY8g;4223;Administrative region;Cerro Colorado, Uruguay;-33.86035,-55.54413;;;
mnJvLz3E;4224;Administrative region;Cerro Largo, Uruguay;-32.21758,-54.2497;;;
998tu7rw;4225;Administrative region;Tacuarembo, Uruguay;-32.01067,-55.66896;;;
LK-mhGDM;4225;Administrative region;Rivera, Uruguay;-30.90814,-55.55857;;;
SNQ4_abG;4233;Administrative region;Paraná, Brazil;-25.25985,-52.01193;;;
l73hMyQC;4234;Administrative region;Rio Grande do Sul, Brazil;-29.53605,-53.38898;;The forest lands and assets are located in the state of Rio Grande do Sul, Brazil. These forests are intended to supply CMPC's pulp mill in Guaíba, located in the same state.;
M6Us2rqY;4235;Administrative region;Rio Grande do Sul, Brazil;-29.54929,-53.39267;;;
w-sKl9I2;4237;Exact location;San Angel, Sábanas de San Angel, Magdalena, Colombia;10.17474,-74.32369;;;
zKjbVaDP;4240;Administrative region;Rio Negro, Uruguay;-32.76261,-57.09488;;;
h_yQHP-O;4241;Administrative region;Paysandú, Uruguay;-32.343,-58.07916;;;
FEDhUfbB;4242;Administrative region;Durazno, Uruguay;-33.37383,-56.51032;;;
oP4-XpVI;4243;Administrative region;Soriano, Uruguay;-33.52064,-57.74079;;;
SZ7rLf7o;4244;Administrative region;Rivera, Uruguay;-30.90946,-55.55745;;;
oHQ2W3r9;4245;Administrative region;San José, Uruguay;-34.25249,-56.73297;;;
LgGfYcBF;4245;;;;;;
BvwnaJ5B;4246;Administrative region;Flores, Uruguay;-33.56195,-56.82116;;;
N0y2Fwwp;4247;Administrative region;Maldonado, Uruguay;-34.90957,-54.93713;;;
MfkutPGZ;4248;Administrative region;Colonia, Uruguay;-34.14928,-57.45878;;;
haeAxK79;4249;Administrative region;Florida, Uruguay;-34.11649,-56.21083;;;
3sMLNqNR;4254;Administrative region;Olmos, Peru;-6.27252,-79.94455;;;
a6DxRth6;4260;Administrative region;Olmos, Peru;-6.03562,-79.86902;;;Second Auction. Olmos Project
q0YOqeHe;4266;Administrative region;Olmos, Peru;-6.03733,-79.89236;;;Second Auction, olmos project
LOu4dlH7;4280;Coordinates;Santa Maria, Río Grande del Sur, Brasil;-29.75848,-53.970425;;;
BmS2YS94;4435;Coordinates;Quemú Quemú, La Pampa Province, Argentina;-36.21236,-63.70544;Estancia Huelen;;
ocVYlzTT;4479;Administrative region;Nueva Germania, Paraguay;-23.9,-56.56667;;;
LZKTQ2Tc;4547;Administrative region;La Paz Department, Catamarca Province, Argentina;-29.39993,-65.28571;estancia Taco Pampa;;
-RKDwepT;4559;Administrative region;Tacuati, Paraguay;-23.45954,-56.7384;;;
aJ--A3_s;4568;Administrative region;San Estanislao, Paraguay;-24.66534,-56.45519;;;
tNIfzD_c;4574;Administrative region;São Paulo - State of São Paulo, Brazil;-23.55052,-46.63331;;;
5kKEh6n5;4574;Administrative region;Goiás - GO, Brazil;-15.93375,-50.14042;;;
QSEhjxpI;4574;Administrative region;State of Piauí, Brazil;-7.71834,-42.72892;;;
6pMtUXB7;4574;Administrative region;State of Mato Grosso do Sul, Brazil;-20.77223,-54.78515;;;
52ypxABD;4574;Administrative region;State of Maranhão, Brazil;-4.96095,-45.27442;;;
_hMAJuPS;4574;Administrative region;State of Minas Gerais, Brazil;-18.51218,-44.55503;;;
X5umZvmS;4574;Administrative region;State of Tocantins, Brazil;-10.17528,-48.29825;;;
CNTy5hV8;4574;Administrative region;State of Bahia, Brazil;-12.57974,-41.70073;;;
_RR4FOjX;4575;Administrative region;Trujillo, Honduras;15.91168,-85.95345;;The tourism development project is located in Trujillo, on the north coast of Honduras.;Campa Vista, Coroz Alta, Alta Vista & New Palm Beach
2m1NQDnM;4587;Administrative region;Fuerte Olimpo, Paraguay;-21.0375,-57.87083;;;
M0InaQOi;4611;Coordinates;Piura, Peru;-5.06734,-80.59666;;;
aBqTqbHz;4612;Country;Guyana;4.86042,-58.93018;;;
SSpLwdFO;4614;Approximate location;Rupununi, Guyana;3.85988,-59.04301;;North of Rupununi, Region 9;
7h3CyVbQ;4615;Administrative region;East Berbice-Corentyne, Guyana;2.74779,-57.46273;;;
9MefcnzA;4630;Administrative region;Apawás, Nicaragua;13.03598,-84.4737;Tumarín;"-84,37130556
-13,00216667
";
8GkqbWWb;4699;Administrative region;Rivas, Nicaragua;11.40235,-85.68458;;;
NxKpna8h;4715;Administrative region;Chiloé Archipelago, Los Lagos Region, Chile;-42.1862,-73.89507;;;
GhE4MNiE;4725;Administrative region;Misiones Province, Argentina;-27.07532,-54.63933;;;
UZr1dzBt;4982;Coordinates;Ribeiro Gonçalves, Ribeiro Gonçalves - PI, Brazil;-7.659713,-45.111782;Fazenda Parceria II;;
mt_V2WIJ;4983;Coordinates;Porto dos Gaúchos, Mato Grosso, Brasil;-11.640755,-56.261101;Fazenda Perdizes;;
4XWb5yDG;4985;Coordinates;Apolinario Saravia, Salta Province, Argentina;-24.26086,-63.65811;Estancia San Bartolo;;
EHe_C89s;4986;Coordinates;Col. Tatacuá, Corrientes, Argentina;-28.35013,-58.45745;Curupí Porá;;
hZc2_T64;4987;Administrative region;Itapua, Paraguay;-26.79236,-55.66896;;;
XQTeRqdJ;4988;Administrative region;Laguna Blanca, Entre Rios, Argentina;-31.09257,-59.87222;Laguna Blanca;;
UP3g6l0j;5007;Administrative region;Chapada dos Guimarães, Chapada dos Guimarães - MT, Brazil;-15.46478,-55.75035;;;
mQdtZwCi;5039;Administrative region;Pedro Afonso, Pedro Afonso - TO, Brazil;-8.97075,-48.17337;Fazenda Alto Santa Fé;;"There are two properties of Bunge according to the National Rural Property Registry System (RNCR) of the National Institute for Colonization and Agrarian Reform (INCRA):

Silo Pedro Afonso: 9 hectares
Fazenda Alto Santa Fé: 3,908.4424 hectares"
UFg7CMj5;5039;Administrative region;Pedro Afonso, TO, Brasil;-8.97552,-48.17364;Silo Pedro Afonso;;"There are two properties of Bunge according to the National Rural Property Registry System (RNCR) of the National Institute for Colonization and Agrarian Reform (INCRA):

Silo Pedro Afonso: 9 hectares
Fazenda Alto Santa Fé: 3,908.4424 hectares"
j1JEa0vP;5058;Administrative region;State of Tocantins, Brazil;-10.17528,-48.29825;;;
G6i8r1kt;5066;Administrative region;State of Rio Grande do Sul, Brazil;-30.03463,-51.2177;;;
JjZaf5fW;5067;Approximate location;San Francisco de Laishi, Formosa Province, Argentina;-26.14273,-58.80342;Estancia El Ombú;;
WUA9W0hE;5068;Coordinates;Piedritas, Buenos Aires Province, Argentina;-34.80528,-63.08139;Estancia San Carlos;;
jNJHdfxJ;5069;Coordinates;Espartillar, Buenos Aires Province, Argentina;-37.29571,-62.44167;Estancia Las Horquetas;;
FeC4rBzo;5070;Coordinates;Villa Sauce, Buenos Aires, Argentina;-35.21111,-63.32694;Estancia El Meridiano;;
xRPlKfXa;5071;Coordinates;Sancti Spiritu, Santa Fe Province, Argentina;-34.13806,-62.23333;Estancia Abolengo;;
mAjg-40o;5072;Coordinates;Ramayón, Santa Fe, Argentina;-30.65984,-60.56334;Estancia La Rosa;;
hjnnxSvl;5073;Coordinates;Estacion Antonio Pini, Antonio Pini, Santa Fe Province, Argentina;-29.05983,-61.65807;Estancia El Orden;;
L97hZV70;5075;Coordinates;Guardia Escolta, Santiago del Estero, Argentina;-28.99377,-62.01217;Estancia El Colorado;;
diBza8fy;5077;Administrative region;Mayor Pablo Lagerenza, Paraguay;-19.92103,-60.77664;;;
3PlpxVkN;5078;Administrative region;Santa Elena, Entre Ríos, Argentina;-30.94629,-59.78538;Establecimiento Malambo;;
X-vKAGQd;5079;Administrative region;Corrientes, Corrientes Province, Argentina;-27.46921,-58.83063;Establecimiento El Tránsito;;
aHNohNNu;5082;Administrative region;Chaitén, Chaitén, Los Lagos Region, Chile;-42.9167,-72.7167;;;
qK7uBHNl;5084;Administrative region;Durazno, Uruguay;-33.33967,-56.56461;;;
c3HULpUo;5116;Exact location;Bonanza, Nicaragua;14.0312,-84.59295;Bonanza;El Proyecto Integrado de Reforestación y Agroforestería en Tierras Degradadas en Nicaragua es una iniciativa que busca restaurar tierras degradadas en las regiones de Siuna y Bonanza, en el noreste de Nicaragua.;
qjZD74rA;5116;Exact location;;;Siuna;;
35aHy0s0;5117;Administrative region;Paysandú, Paysandu, Uruguay;-32.31129,-58.07577;;;
twHcH7zI;5118;Administrative region;Paysandú, Paysandu, Uruguay;-32.31129,-58.07577;;;
lnx0axDJ;5119;Coordinates;;12.28038,-85.275136;Finca Río Siquia;"El proyecto de reforestación denominado ""EcoPlanet Bamboo Central America"" fue concebido como un proyecto agrupado. El área del proyecto está dividida en tres fincas: Finca Río Siquia, Finca Río Kama y Finca San José, distribuidas en dos regiones de Nicaragua: El Rama y Kukra Hill, en el departamento de la RAAS (Región Autónoma de la Costa Caribe Sur de Nicaragua). ";
4sPtgLtT;5119;Coordinates;;12.249028,-85.014313;Finca Río Kama;;
CI8AVu27;5119;Coordinates;;12.11223,-84.138191;Finca San José;;
7VT3PMso;5120;Administrative region;El Rama, Nicaragua;12.16303,-84.21998;Finca Amelia;Los límites de ACROSS FOREST S.A.: Programa de Reforestación en la Región Sureste de Nicaragua en Pastizales Degradados están comprendidos dentro de seis municipios del sureste de Nicaragua. Los municipios de Santo Tomás, Villa Sandino y El Coral están ubicados en el departamento de Chontales, mientras que los municipios de Muelle de los Bueyes, El Rama y Nueva Guinea están situados en la Región Autónoma de la Costa Caribe Sur. Las áreas reforestadas se localizan en 4 fincas: Amelia, Santa Elena (1 y 2), Rosario de Fátima y Santa María.;
GODk6pJE;5120;Administrative region;Villa Sandino, Nicaragua;12.04847,-84.99345;Finca Santa Elena (1 y 2) y Finca Rosario de Fátima;;
VKgEnVSv;5120;Administrative region;Muelle de los Bueyes, Nicaragua;12.06713,-84.54581;Finca Santa María;;
pi7d0KAD;5140;Administrative region;Kukrahill, Nicaragua;12.24244,-83.7478;;;
5fT31Yz5;5147;Coordinates;Tolloche, Salta Province, Argentina;-25.53263,-63.5657;;;
EXs69Noh;5158;Administrative region;El Galpón, Salta Province, Argentina;-25.38391,-64.63257;;;
rJj_h9nr;5297;Administrative region;Colonia Department, Uruguay;-34.26425,-57.61068;;;
2G4P5ZE3;5298;Administrative region;La Gloria, Cesar, Colombia;8.63398,-73.68679;La Gloria (Hacienda Bellacruz);;
SWF_az3V;5304;Coordinates;Arrecifes, Buenos Aires Province, Argentina;-33.91875,-60.08099;Estancia La Esperanza;;
9oEfE6_J;5305;Coordinates;Rivadavia, Buenos Aires, Argentina;-35.28602,-63.05903;Estancia la Chita;;
ZtCFkbdd;5306;Coordinates;Balcarce, Buenos Aires Province, Argentina;-37.70157,-58.58756;Estancia La Morocha;;
vnkESway;5329;Administrative region;Tamshiyacu, Tamshiyacu, Loreto, Perú;-4.00134,-73.15607;;;
RV3FcpPd;5330;Administrative region;Pucallpa Ucayali Peru, Pucallpa, Perú;-8.38331,-74.53249;;;
W5DLs3iD;5331;Administrative region;Mariscal Lopez, Asuncion, Paraguay;-25.28842,-57.60141;;;
HJ92fagu;5367;Coordinates;Campo Rubiales, Puerto Gaitán, Meta, Colombia;3.721122,-71.455391;ProAgrollanos;;
4S_s9XoF;5368;Administrative region;Puerto Gaitan, Puerto Gaitán, Meta, Colombia;4.311953,-72.07991;;;
uGwhVu7w;5369;Coordinates;Rama, Nicaragua;12.20152,-84.23521;;;
YHzVMhZ3;5370;Coordinates;Barro Blanco Dam, Panama;8.21525,-81.59405;Central Hidroeléctrica Barro Blanco;The project is located on the Tabasará River, Chiriquí Province, Tolé District, approximately 1.5 km from the Pan-American Highway.;
wuA4HRgn;5376;Administrative region;Camoapa, Nicaragua;12.38673,-85.50715;;;
z9ZxnG3Z;5376;Administrative region;Boaco, Nicaragua;12.46928,-85.66147;;;
SV90LyBB;5376;Administrative region;Matiguás, Nicaragua;12.83832,-85.46076;;;
gG9t10-w;5526;Approximate location;El Carril, Salta, Argentina;-25.091904,-65.383378;Estancia San Simón;;
PxnGcnls;5527;Administrative region;El Bolsón, Río Negro, Argentina;-41.96492,-71.53534;;;
sadjiMag;5528;Coordinates;São Raimundo das Mangabeiras - State of Maranhão, Brazil;-6.797374,-45.736191;Fazenda São José;;
q-YRLhvL;5613;Coordinates;Campo Ramón, Misiones, Argentina;-27.5532,-54.932124;Casa Fuentes;;
u7SX-Xah;5613;Administrative region;Jardín America, Misiones, Argentina;-27.03986,-55.23073;;;
puhJdX4G;5648;Administrative region;Lucas do Rio Verde, Mato Grosso, Brasil;-13.07643,-55.90939;;;
uuVZXC21;5649;Coordinates;San Jose Nuevo Palmar, Belize;18.042826,-88.557182;;;
J_pHvuz4;5650;Administrative region;Ñacunday, Paraguay;-26.01591,-54.69316;;;
pnZJDOex;5680;Coordinates;Salvador Mazza, Salta Province, Argentina;-22.127665,-63.518807;;;
C8U24EZS;5697;Administrative region;Campo Dos, Tibú, Norte de Santander, Colombia;8.49033,-72.64021;;;
lpmLLGre;5717;Administrative region;Tibú, North Santander, Colombia;8.64236,-72.73773;;;
OV1ziqGy;5718;Coordinates;Fazenda Sao Pedro - Cananéia, SP, Brasil;-24.793146,-47.808077;Finca São Pedro;;Finca São Pedro, Cananeia (SP)
UpX3iPnj;5719;Coordinates;Kendal, Belice;16.80557,-88.384763;;;
ARU2douK;5755;Administrative region;Colonia Santa Rosa, Salta Province, Argentina;-23.39422,-64.42574;;;
sl4AISLS;5808;Administrative region;Nueva Guinea, Nicaragua;11.69322,-84.45402;Fincas La Esperancita, San Antonio y San José.;;
cjgISMLV;5809;Administrative region;Nueva Guinea, Nicaragua;11.69322,-84.45402;;;
RVpaGEBt;5883;Administrative region;La Fonseca, Nicaragua;11.55199,-84.36669;;El Proyecto Sistema de plantación de cacao sostenible (agroforestería) en el este de Nicaragua está ubicado en La Fonseca, Comunidades El Rama y Kukra Hill, en la región Autónoma del Atlántico Sur de Nicaragua.;
m-yXEneP;5998;Coordinates;Provincia de Alajuela, San Carlos, Costa Rica;10.44862,-84.368739;;;
e3ziPpfF;5998;Coordinates;Provincia de Alajuela, Los Chiles, Costa Rica;11.052094,-84.630826;;;
CiQvrEji;5998;Coordinates;Provincia de Alajuela, Los Chiles, Costa Rica;10.961014,-84.594141;;;
hcB7BrvB;5998;Coordinates;Provincia de Alajuela, Los Chiles, Costa Rica;10.864964,-84.630109;;;
6wGF5MOG;6240;Administrative region;Lambayeque, Perú;-6.70445,-79.90425;;;
3kVuJNcN;6849;Administrative region;Águas de Santa Bárbara - Estado de São Paulo, 18770-000, Brasil;-22.88149,-49.2426;;;
KpfgJAjr;6868;Coordinates;Cotegipe - Bahía, Brasil;-11.70284,-44.58534;;;
aChnuVpm;6873;Administrative region;Agudos - Estado de São Paulo, 17120-000, Brasil;-22.47147,-48.97905;;;
HW02VjTA;6874;Administrative region;Álvaro de Carvalho - Estado de São Paulo, Brasil;-22.08433,-49.71506;;;
5boDHlb7;6875;Approximate location;Arealva - Estado de São Paulo, 17160-000, Brasil;-22.02905,-48.90816;;;
i7P0Hz_d;6876;Administrative region;Avaí, SP, 16680-000, Brasil;-22.15724,-49.33296;;;
SS9a1hvx;6877;Administrative region;Bauru, Estado de São Paulo, Brasil;-22.31446,-49.0587;;;
DCGtRR3E;6879;Administrative region;Borebi - Estado de São Paulo, 18675-000, Brasil;-22.70144,-49.00094;;;
XsnsUERL;6880;Approximate location;Botucatu, Estado de São Paulo, Brasil;-22.88418,-48.44417;;;
hXfSrd5f;6881;Administrative region;Cabrália Paulista, SP, 17480-000, Brasil;-22.46051,-49.33781;;;
32E_5AA3;6882;Administrative region;Cafelândia, State of São Paulo, 16500-000, Brasil;-21.80311,-49.60996;;;
X4-9msbb;6883;Administrative region;Cerqueira César, São Paulo - State of São Paulo, Brasil;-23.55921,-46.66773;;;
cK1qtrGw;6884;Administrative region;Duartina - Estado de São Paulo, 17470-000, Brasil;-22.41486,-49.40794;;;
FJTuNorY;6885;Administrative region;Espírito Santo do Turvo, SP, 18935-000, Brasil;-22.69276,-49.43027;;;
rQogUMf8;6887;Administrative region;Gália, SP, 17450-000, Brasil;-22.29232,-49.55082;;;
5aCHsyI0;6888;Administrative region;Garça, State of São Paulo, 17400-000, Brasil;-22.21316,-49.65554;;;
8331JO4u;6889;Administrative region;Guarantã, SP, 16570-000, Brasil;-21.89467,-49.59182;;;
x_s-TyIu;6890;Administrative region;Iacanga - Estado de São Paulo, 17180-000, Brasil;-21.89244,-49.02242;;;
hXtp_vhU;6891;Administrative region;Iaras - Estado de São Paulo, 18775-000, Brasil;-22.83051,-49.10192;;;
EP3PI8mt;6893;Administrative region;Itatinga, Estado de São Paulo, 18690-000, Brasil;-23.10671,-48.61239;;;
rGKnns78;6894;Administrative region;Júlio Mesquita, SP, 17550-000, Brasil;-22.01165,-49.78776;;;
XD_1ETO5;6895;Administrative region;Lençóis Paulista - Estado de São Paulo, Brasil;-22.59881,-48.79227;;;
fGl_k86y;6896;Administrative region;Lucianópolis, Estado de São Paulo, 17475-000, Brasil;-22.4308,-49.52215;;;
FuEG6SgH;6898;Administrative region;Marília, SP, Brasil;-22.21758,-49.95053;;;
OymjvZPu;6900;Administrative region;Paulistânia, SP, 17150-000, Brasil;-22.57562,-49.40305;;;
8--vKmhE;6902;Administrative region;Pederneiras - State of São Paulo, 17280-000, Brasil;-22.35032,-48.78023;;;
qAER4x9q;6904;Administrative region;Pirajuí - Estado de São Paulo, 16600-000, Brasil;-21.9929,-49.45468;;;
XgacA3Uw;6906;Administrative region;Piratininga - Estado de São Paulo, Brasil;-22.41677,-49.13716;;;
z1NutjGM;6907;Country;Pratânia, SP, 18660-000, Brasil;-22.80948,-48.66504;;;
4gu2mU6F;6908;Administrative region;Pres. Alves, SP, 16670-000, Brasil;-22.10039,-49.4386;;;
qHki4daw;6909;Administrative region;Reginópolis, State of São Paulo, 17190-000, Brasil;-21.88887,-49.22417;;;
GpTPJq9i;6910;Administrative region;Santa Cruz do Rio Pardo, State of São Paulo, 18900-000, Brasil;-22.89518,-49.62224;;;
17MoqZiw;6911;Administrative region;Ubirajara, Estado de São Paulo, 17440-000, Brasil;-22.52702,-49.66288;;;
1NlUm5iy;6912;Approximate location;Pichidamas, Osorno, Región de los Lagos, Chile;-40.72594,-72.82394;Hacienda Coihueco (ex Rupanco);;
lCoemka2;6916;Administrative region;Finca El Pongo, Jujuy, Argentina;-24.33708,-65.08771;;;The farm is located between the towns of Perico and Palpalá, province of jujuy
y5kwMAC8;6930;Administrative region;Guaíba, Rio Grande do Sul, Brasil;-30.10909,-51.32383;;;
2smcwNAt;6967;Approximate location;Isla Grande de Chiloé, Región de los Lagos, Chile;-42.62397,-73.92657;;;
Ew7d1LU6;6969;Approximate location;Renihue, Chaitén, Región de los Lagos, Chile;-42.58848,-72.50707;;;
kbh7aQEp;6970;Approximate location;Bío Bío, Santiago, Región Metropolitana, Chile;-33.47394,-70.64375;;;
GB1pPMso;6986;Approximate location;Temuco, Región de la Araucanía, Chile;-38.7359,-72.59037;;;
5cpJjaqL;6986;Approximate location;Valdivia, Región de los Ríos, Chile;-39.81738,-73.24253;;;
_dBdP5QK;6987;Exact location;San Pedro, Melipilla, Chile;-33.941563,-71.407423;AgroReservas de Chile;;
O674jOPX;6988;Coordinates;Alhue, Alhué, Región Metropolitana, Chile;-34.057233,-71.257527;San Alfonso de Alhué;;
9C9QHPfh;7063;Coordinates;Liviney, Puerto Gaitán, Meta, Colombia;4.4123,-71.59488;Finca Liviney;;
z_0s8c_r;7066;Approximate location;Guayaquil, Ecuador;-2.23309,-80.08063;;;
C3R88DNE;7166;Coordinates;Cayo District, Belize;17.339757,-88.742618;;;
wW6GBMqR;7167;Coordinates;São Pedro do Ivaí, Estado de Paraná, Brasil;-23.85592,-51.888808;;;
y-Eelomw;7170;Administrative region;San Juan, San Juan Province, Argentina;-31.53511,-68.53859;;;
azxbSU5W;7171;Administrative region;Santander, Colombia;6.64371,-73.65362;;;
RWRkJILz;7171;Administrative region;Cauca, Colombia;2.70498,-76.82597;;;
UFiE7VAy;7171;Administrative region;Cundinamarca, Bogota, Colombia;4.62279,-74.09096;;;
5uIl7G_U;7183;Coordinates;Nueva Galia, San Luis, Argentina;-35.288884,-65.218599;;;
R72A7cOM;7216;Administrative region;Salto, Salto Department, Uruguay;-31.38803,-57.96125;;;
LBHWs4EP;7512;Administrative region;Rio Negro, Uruguay;-33.0566,-57.78261;;Las fincas que posee la empresa están distribuídas en Río Negro, Paysandú, Salto y San José, en Uruguay.;
JhyG6meL;7512;Administrative region;Paysandú Paysandú Department, Uruguay;-32.31129,-58.07577;;;
3DzailW9;7512;Administrative region;Salto, Uruguay;-31.32755,-57.01741;;;
rhtXJgjZ;7512;Administrative region;San José, Uruguay;-34.30865,-56.72564;;;
EdnsyBRC;7570;Coordinates;;-33.2078,-52.9297;Aura Mirim 4;;
mk7QUC9K;7570;Coordinates;;-33.138,-52.912;Aura Mirim 2;;
7ZMuCbVy;7570;Coordinates;;-33.138,-52.91201;Aura Mangueira 7;;
egPDdTel;7570;Coordinates;;-33.0611,-52.8682;Aura Mangueira 6;;
zfLIX7EF;7570;Coordinates;;-33.0839,-52.8376;Aura Mangueira 4;;
XvVcEqaK;7570;Coordinates;;-33.0951,-52.8435;Aura Mangueira 17;;
tdUD4gEx;7570;Coordinates;;-33.1634,-52.89369;Aura Mangueira 15;;
uhxyIpH7;7570;;;-33.1184,-52.9001;Aura Mangueira 13;;
ccYs-Y3y;7570;Coordinates;;-33.1331,-52.8929;Aura Mangueira 12;;
Wm9yd3ZD;7572;Coordinates;Parazinho, RN, 59586-000, Brazil;-5.2698,-35.8589;;;
lo45n32O;7576;Coordinates;Charcas, San Luis Potosi, Mexico;23.26946,-101.36558;Dominica 1 y 2;;
EI7iAmfp;7577;Coordinates;Mazapil, Zac., Mexico;23.87934,-101.5182;Vientos del Altiplano;;
lKY8xKOR;7832;Coordinates;Santa Clara, Jujuy, Argentina;-24.243212,-64.636145;Finca Santa Clara;;
Fo8URHB_;7843;Coordinates;Salar Centenario, Salta, Argentina;-24.835,-66.70138;Proyecto Centenario-Ratones;;El Proyecto está ubicado a 150 kilómetros de San Antonio de los Cobres, al sur del departamento Los Andes, provincia de Salta. Se ubica en una región árida, situada a 3.800 m de altitud. A 50 km de allí, la primera población es Santa Rosa de Pastos Grandes, con 300 habitantes.
9K089iYl;7955;Coordinates;Baixa Grande do Ribeiro, Piauí, Brasil;-7.849356,-45.219384;Fazenda Ipê;;
hEcJEvMc;7956;Administrative region;Guadalupe, PI, 64840-000, Brasil;-6.79166,-43.57059;;;
EMK4PZ0n;8255;Coordinates;Provincia de Alajuela, San Isidro, Costa Rica;10.10041,-84.194907;;;
lX3kuuBZ;8577;Coordinates;Nicaragua;11.73272,-86.08453;Valle Menier;;The company has other properties where there are currently active reforestation projects similar to the present one, a total of 8 hectares.
EFGSMhqA;8727;Administrative region;Sandovalina, SP, 19250-000, Brasil;-22.45557,-51.76531;Usina Umoe Bioenergy ;Sugarcane processing plant;Sandovalina is home to the company's processing plant (Fazenda Taquarussu) as well as properties leased by it. According to the Umoe Group's website, the Sandovalina farm has 40,000 hectares. Excluding the hectares officially declared as acquired by purchase, there are approximately 38500 hectares under lease. The lands under production are located in the municipalities of Narandiba, Estrela do Norte and Rosana (according to data from the National Rural Registry System - National Institute of Colonization and Agrarian Reform).
6ML6kin6;8727;Administrative region;Narandiba, SP, 19220-000, Brasil;-22.40705,-51.52423;Umoe Bioenergy S.A.;Company owned area;
sOYjz-QY;8727;Administrative region;Estrela do Norte, SP, 19230-000, Brasil;-22.48641,-51.66369;Umoe Bioenergy S.A.;Company owned area;
A2KxuTVw;8727;Administrative region;Rosana, SP, 19273-000, Brasil;-22.53051,-52.9485;Umoe Bioenergy S.A.;Company owned area;
59SOlhl8;8735;Coordinates;;-10.5833,-40.6375;Ventos da Andorinha;;
Kxi8i9dq;8735;Coordinates;;-10.6286,-40.6858;Ventos de Campo Formoso 1;;
dTe56rK3;8735;Coordinates;;-10.5583,-40.5692;Ventos de Campo Formoso 2;;
WTHQwdIR;8735;Coordinates;;-10.6061,-40.6545;Ventos de Guarás 1;;
6v_s91v5;8735;Coordinates;;-10.5695,-40.6292;Ventos de Morrinhos;;
BU4viMU4;8735;Coordinates;;-10.5583,-40.5692;Ventos do Sertão;;
FnnK6JJR;8738;Coordinates;Sandovalina, SP, 19250-000, Brasil;-22.558373,-51.828314;Usina Umoe Bioenergy;;
Me13A_Bo;8773;Exact location;Salar De Llullaillaco, Salta Province, Argentina;-24.80672,-68.29998;;;
BrmQxpmm;8781;Coordinates;;-5.3097,-35.3867;Parque Eólico Rio do Fogo (RN 15 - Rio do Fogo);;Area belonging to the rural settlement Zumbi/Rio do Fogo. The first plant in the settlement is the result of a contract between the National Institute for Colonization and Agrarian Reform (INCRA) and ENERBRASIL.
NFH_1cxD;8782;Coordinates;;-5.3042,-35.382;Parque Eólico Arizona I;Parque Eólico Arizona I;Area belonging to the rural settlement Zumbi/Rio do Fogo.
Q9A_xjtA;8787;Coordinates;;-6.8803,-36.81721;Lagoa 1;;"

"
Dzt-qeK0;8787;Coordinates;;-6.8427,-36.7918;Lagoa 2;;
0WfhObCt;8787;Coordinates;;-6.8866,-36.7687;Canoas;;
Z9wcFY_8;8791;Administrative region;Lagoa do Barro do Piauí, PI, 64768-000, Brasil;-8.47886,-41.52912;Parque Eólico Lagoa dos Ventos;;Eleven parks are located in the municipality of Lagoa do Barro do Piauí, nine in Queimada Nova and one in Dom Inocêncio.
xMMeU07h;8791;Administrative region;Queimada Nova, PI, 64758-000, Brasil;-8.58096,-41.41849;Parque Eólico Lagoa dos Ventos;;
m8JBpeXM;8791;Administrative region;Dom Inocêncio, PI, 64790-000, Brasil;-9.00386,-41.97406;Parque Eólico Lagoa dos Ventos;;
0j7oAfkI;8794;Coordinates;;-4.433,-37.81621;Jandaia;;
RtBW6zWh;8794;Coordinates;;-4.4274,-37.8709;Jandaia 1;;
jZMJTYbI;8794;Coordinates;;-4.4512,-37.8677;Nossa Senhora de Fátima;;
0qmUF25-;8794;;;-4.4393,-37.8394;São Clemente;;
3olcyYrE;8794;Coordinates;;-4.4998,-37.8093;São Januário;;
kIPkLT50;8956;Administrative region;Santo Tome, Corrientes, Argentina;-28.55241,-56.04521;Campo Unión;;Área de producción forestal  del departamento Santo Tomé de la provincia de Corrientes.
Dz8mQGqj;8956;Administrative region;Santo Tome, Corrientes, Argentina;-28.55241,-56.04521;Ñu Porá;;Área de producción forestal  del departamento Santo Tomé de la provincia de Corrientes.
8ZvjZJEU;9093;Coordinates;Juchitán de Zaragoza, Oaxaca, México;16.49064,-94.98214;;"Bii Nissa (en Juchitán), con 60 aerogeneradores para 180 MW, y Xtipa Bii (El Espinal), con 72 aerogeneradores para 216 MW.


";Parque eólico de 396 Mega Watts en Juchitán y El Espinal (Oaxaca), que suministrará energía a filiales de Fomento Económico Mexicano (FEMSA), Cuauhtémoc Moctezuma y Crown a través de un contrato de autoabastecimiento por 20 años.
xzHYW1Vn;9506;Coordinates;Areial, PB, Brasil;-7.03421,-35.98126;Serra da Borborema I;Complexo Eólico Serra da Borborema;
L3ZzIjJw;9506;Coordinates;Pocinhos, PB, Brasil;-7.04576,-35.98066;Serra da Borborema II;Complexo Eólico Serra da Borborema;
y8X2-qa0;9506;Coordinates;Pocinhos, PB, Brasil;-7.02824,-35.95498;Serra da Borborema III;Complexo Eólico Serra da Borborema;
F_tFEJS9;9506;Coordinates;Pocinhos, PB, Brasil;-7.04918,-36.01086;Serra da Borborema IV;Complexo Eólico Serra da Borborema;
VWtJrtV6;9506;Coordinates;Esperança, PB, Brasil;-7.03199,-35.97901;Serra da Borborema V;Complexo Eólico Serra da Borborema;In the new Environmental Impact Study (2023, april), only 4 wind parks are proposed. Serra da Borborema V would no longer be part of the project.
qf-Wt5lN;9509;Coordinates;Morro do Chapéu, BA, Brasil;-11.08644,-41.32158;Complexo Eólico Serra da Babilônia;;According to the Review of Environmental, Social, and Labor Issues (2014), the land where the Project is located belongs to two estates: Fazenda Flor do Sertão (708 hectares) and Fazenda Bom Jesus (4,295 hectares) in the municipalities of Morro do Chapéu and Várzea Nova in the State of Bahia.
16Bm0y3W;9524;Approximate location;Río Grande, Tierra del Fuego, Argentina;-53.78603,-67.70022;;;Entre las razones argumentadas por MEX para elegir Tierra del Fuego se destacan la calidad de los vientos en la provincia austral, su ubicación estratégica frente al océano (que facilita la logística exportadora) y las ventajas tributarias que ofrece por ser una zona franca (ausencia de impuesto al valor agregado y menor tributo a la renta, entre otras).
QlDJcWSh;9531;Approximate location;Yalcobá, Yuc., México;20.79148,-88.03799;Hotel y parque temático Xibalba;Comisaría de Yalcobá, municipio de Valladolid, Yucatán;Tierras compradas a Ejidos para la construcción de complejo turístico y parque temático.
fXtHWn_g;9559;Administrative region;Salar del Hombre Muerto, Catamarca, Argentina;-25.42416,-67.09388;Hombre Muerto;;La propiedad se encuentra dentro de la cuenca norte recientemente adquirida por la empresa POSCO.
cng75TkQ;9585;Exact location;Vedia, Provincia de Buenos Aires, Argentina;-34.4979,-61.54236;"Campo ""Las Balas""";;
IRF151jK;9587;Exact location;Vicuña Mackenna, Córdoba, Argentina;-33.91796,-64.38948;Finca El Consuelo;;
rkFhARmd;9595;Exact location;General Roca, Río Negro, Argentina;-39.0328,-67.58922;;;
GFyqL1Kh;9653;Exact location;Holbox, Q.R., México;21.52189,-87.37983;;Holbox es un pueblo de pescadores que se asienta en una isla con playas de talco de 40 kilómetros de largo frente a la península de Yucatán. Este santuario del tiburón ballena es uno de los destinos turísticos vírgenes de la nación, y ha vivido en turbulencia social desde 2011, cuando se autorizó un proyecto de 850 millones de dólares sobre terrenos por los cuales empresarios apoyados por políticos pagaron a los ejidatarios cinco millones de pesos, que detonó protestas y movilizaciones que llevaron a la cárcel a 16 comuneros acusados de daños ambientales.;
_uU0meC9;9666;Administrative region;Motul, Yuc., México;21.10024,-89.27752;Chacabal I y Chacabal II;;
W6ecXoGy;9802;Approximate location;Manantay, Provincia de Coronel Portillo, Perú;-8.47901,-74.54632;;;
fD2kPr77;9803;Approximate location;Iparia, Pucallpa, Perú;-8.39827,-74.53911;;;
-SuCRpuv;9804;Approximate location;Rio Pachitea, Perú;-9.86019,-74.91868;;;
0sJS4toS;10054;Coordinates;Aura Lagoa do Barro 01 Wind Park;-8.698293,-41.635721;Complexo Eólico Lagoa do Barro - Aura Lagoa do Barro 01;"Aura Lagoa do Barro 01 Wind Park:
- Hectares: 177.8739
- Granted power: 27 MW";The wind complex is composed of 7 wind parks in an area of 3552.5 ha and with the granted power of 204 MW.
PT7FMppM;10054;Coordinates;Aura Lagoa do Barro 02 Wind Park;-8.65379,-41.565363;Complexo Eólico Lagoa do Barro - Aura Lagoa do Barro 02 ;"Aura Lagoa do Barro 02 Wind Park:
- Hectares: 170.9047
- Granted power: 27 MW";The wind complex is composed of 7 wind parks in an area of 3552.5 ha and with the granted power of 204 MW.
AoAmo_el;10054;Coordinates;Aura Lagoa do Barro 03 Wind Park;-8.613661,-41.55139;Complexo Eólico Lagoa do Barro - Aura Lagoa do Barro 03;"Aura Lagoa do Barro 03 Wind Park:
- Hectares: 230.2503
- Granted power: 33 MW";The wind complex is composed of 7 wind parks in an area of 3552.5 ha and with the granted power of 204 MW.
A6nNw_V7;10054;Coordinates;Aura Lagoa do Barro 04 Wind Park;-8.593391,-41.541985;Complexo Eólico Lagoa do Barro - Aura Lagoa do Barro 04;"Aura Lagoa do Barro 04 Wind Park:
- Hectares: 188.8707
- Granted power: 33 MW";The wind complex is composed of 7 wind parks in an area of 3552.5 ha and with the granted power of 0.204 GW.
mfTUxq0b;10054;Coordinates;Aura Lagoa do Barro 05 Wind Park;-8.684135,-41.623735;Complexo Eólico Lagoa do Barro - Aura Lagoa do Barro 05;"Aura Lagoa do Barro 05 Wind Park:
- Hectares: 300.759
- Granted power: 24 MW";The wind complex is composed of 7 wind parks in an area of 3552.5 ha and with the granted power of 204 MW.
I-gBfCAb;10054;Coordinates;Aura Lagoa do Barro 06 Wind Park;-8.632982,-41.56077;Complexo Eólico Lagoa do Barro - Aura Lagoa do Barro 06;"Aura Lagoa do Barro 06 Wind Park:
- Hectares: 254.6431
- Granted power: 27 MW";The wind complex is composed of 7 wind parks in an area of 3552.5 ha and with the granted power of 204 MW.
AfUKzWrT;10054;Coordinates;Aura Lagoa do Barro 07 Wind Park;-8.675603,-41.63449;Complexo Eólico Lagoa do Barro - Aura Lagoa do Barro 07;"Aura Lagoa do Barro 07 Wind Park:
- Hectares: 2229.2014
- Granted power: 33 MW";The wind complex is composed of 7 wind parks in an area of 3552.5 ha and with the granted power of 204 MW.
0bYCBtvc;10063;Coordinates;Canudos, BA, Brasil;-10.1892,-38.7751;Canudos Wind Complex;The complex is going to be formed by  8 wind farms. The coordinates correspond to the first one;
vxAw-xN5;10067;Administrative region;Las Loicas, Malargüe, Mendoza, Argentina;-35.79416,-70.141;Campo potreros de Cordillera;Está ubicado a 180 kilómetros de la ciudad de Malargüe, dirigiéndose hacia el sur por Ruta Nacional 40 hasta la intersección con la Ruta Nacional 145 —localidad de Las Loicas— empalmando, luego, con la Ruta Provincial 226 en dirección al noroeste.;
iiS4HTTV;10177;Coordinates;São Tomé, RN, Brasil;-5.91373,-36.15623;Santa Rosa e Mundo Novo I Wind Park;Santa Rosa e Mundo Novo Wind Complex ;Area of 1679.7755 hectares
xRLWjbZz;10183;Administrative region;Santana do Matos, RN, Brasil;-6.04629,-36.55513;Macambira I Wind Park;;
ZfB2DWsm;10297;Coordinates;General Villegas, Provincia de Buenos Aires, Argentina;-34.50666,-62.33305;Descanso;;
mzq95oK4;10298;Coordinates;General Villegas, Provincia de Buenos Aires, Argentina;-34.91351,-63.10562;La Toldería;;
72h-M8qG;10299;Coordinates;San Vicente, Córdoba, Argentina;-31.84313,-65.43501;La Blanca Rosa;;
leKpwSkK;10308;Coordinates;Christophersen, Santa Fe, Argentina;-34.18387,-62.05208;Estancia Carmen;;
WUMfJ3ie;10311;Coordinates;Pozo Borrado, Santa Fe, Argentina;-28.98353,-61.57705;La Carolina;;
_8tVDrKa;10318;Coordinates;;-31.034,-71.61475;Parques La Cebada y El Pacífico;;
Z1W9GhZa;10355;Coordinates;Punta Colorada, La Higuera, Chile;-29.36717,-71.04746;Punta Colorada;;
cwiG0KAP;10356;Administrative region;Valdivia, Chile;-39.81738,-73.24253;;;
3dys5ink;10358;Coordinates;;-37.66867,-73.58265;Lebu III;;
tGuDm70_;10507;Administrative region;Inocência, MS, Brasil;-19.72963,-51.92828;Projeto Sucuriú - Arauco;"According to the National Rural Registration System (SNCR), managed by the National Institute for Colonization and Agrarian Reform (INCRA), the company owns 1,811.53 hectares in the municipality of Inocência.

Property: Fazenda Almar - 1,811.53 hectares.";
jxbq_Rw-;10507;Administrative region;Água Clara, MS, Brasil;-20.44456,-52.87809;Projeto Sucuriú - Arauco;"According to the National Rural Registration System (SNCR), managed by the National Institute for Colonization and Agrarian Reform (INCRA), the company owns 810.55 hectares in the municipality of Água Clara.

Property: Fazenda Paraiso - 810.55 hectares.";
h-zafClQ;10508;Administrative region;Água Clara, MS, Brasil;-20.44456,-52.87809;Mahal;"In total, there are 4 properties covering 31,344.10 hectares:

- Fazenda Lobo: 24567.0149 hectares
- Fazenda Jandira: 1560.4671 hectares
- Fazenda Santa Maria: 1970.9376 hectares
- Fazenda Pau D'Alho: 3245.6853 hectares";
LxNhmlRq;10508;Administrative region;Aparecida do Taboado, MS, Brasil;-20.08628,-51.10179;Mahal;"In total, there are 4 properties covering  2422.44 hectares:

- Fazenda Nossa Senhora Aparecida II: 1153.2676 hectares.
- Fazenda Hemas: 1013.0573 hectares.
- Fazenda Monte Sinai: 100.67
- Fazenda Nossa Senhora Aparecida: 155.44 hectares";
Yh2EV1OC;10508;Administrative region;Chapadão do Sul, MS, Brasil;-18.79599,-52.61963;Mahal;Fazenda Morro do Indaiá: 1224.2793 hectares;
ObngKPNl;10508;Administrative region;Inocência, MS, Brasil;-19.72963,-51.92828;Mahal;"In total, there are 13 properties covering  11007.34 hectares:

- Fazenda Canto do Pinhe: 1221.038 hectares.
- Fazenda Vista Alegre: 831,4488 hectares.
- Fazenda São Pedro: 738,8365 hectares.
- Fazenda Santa Rosa do Quinhao II: 265.0994 hectares.
- Fazenda Liberdade II: 445 hectares.
- Fazenda Primavera:  350.5633 hectares.
- Fazenda Barra do Boa Vista: 3973.6478 hectares.
- Fazenda Moções: 663.3482 hectares.
- Fazenda Triângulo: 248.0701 hectares.
- Fazenda Fazendinha: 144.5796 hectares.
- Fazenda Paraíso do Sul: 732.3767 hectares.
- Fazenda Sao Jose do Saltador: 997.7241 hectares.
- Fazenda Cerro Verde: 395.6038 hectares.";
js4n7Upz;10508;Administrative region;Paranaíba, MS, Brasil;-19.67662,-51.19168;Mahal;"In total, there are 12 properties covering  9035.78 hectares:

- Fazenda Sao Jose: 1385.1073 hectares.
- Fazenda Ponte Nova: 521.6306 hectares.
- Fazenda Colorado: 2543.5347 hectares.
- Fazenda Rosa Maria: 703.9893 hectares.
- Fazenda São Sebastião:  141.7023 hectares.
- Fazenda Santa Emilia: 867.9469 hectares.
- Fazenda Jahu: 101.6886 hectares.
- Fazenda Recanto: 525.973 hectares.
- Fazenda Elo de Prata: 300.9716 hectares.
- Fazenda Mutum: 1107.7072 hectares.
- Fazenda Campeiro: 641.3131 hectares.
- Fazenda Pitanga: 194.2149 hectares.";
jVuuVMMy;10508;Administrative region;Selvíria, MS, Brasil;-20.36427,-51.42341;Mahal;Fazenda Urutu: 3304.7778 hectares.;
PJxnodry;10508;Administrative region;Três Lagoas, MS, Brasil;-20.78818,-51.70308;Mahal;"In total, there are 3 properties covering 3,216.054 hectares:

- Fazenda Nivea Maria: 2082.77 hectares.
- Fazenda Panorama: 744.3496 hectares.
- Fazenda Nossa Senhora Aparecida: 388.9345 hectares.";
RLBrS8p9;10559;Coordinates;;4.9676,-69.0322;;;
rnZHVIUL;10560;Administrative region;Alfenas, MG, Brasil;-21.42452,-45.94702;Ipanema Coffees - Fazenda Conquista;The southern region of the state of Minas Gerais is known for cultivating coffee primarily for export.;"According to the National Rural Cadastre System (SNCR) of the National Institute for Colonization and Agrarian Reform (INCRA), there are seven properties purchased by Ipanema in the municipality of Alfenas, namely:

Fazenda Capoeirinha - 1882.0957 hectares
Fazenda Conquista - 1959.0 hectares
Fazenda Conquistinha - 85.8477 hectares
Fazenda  São Joaquim/Centro - 56.3 hectares
Fazenda  São Joaquim II - 11.69 hectares
Fazenda  São Joaquim III - 44.61 hectares"
dW95B86m;10574;Administrative region;Conceição do Rio Verde, MG, Brasil;-21.88044,-45.0881;Ipanema Coffees - Fazenda Rio Verde;The southern region of the state of Minas Gerais is known for cultivating coffee primarily for export.;"According to the National Rural Cadastre System (SNCR) of the National Institute for Colonization and Agrarian Reform (INCRA), there is a property in the name of the company Ipanema in the municipality:

Fazenda Rio Verde: 1018.4607 hectares."
d64Q78wv;10576;Administrative region;Machado, MG, Brasil;-21.6804,-45.919;Ipanema Coffees -  Fazenda Sao Joaquim;The southern region of the state of Minas Gerais is known for cultivating coffee primarily for export.;"According to the National Rural Cadastre System (SNCR) of the National Institute for Colonization and Agrarian Reform (INCRA), there is a property in the name of the company Ipanema in the municipality:

Fazenda São Joaquim: 230.05 hectares"
-imJEJ9B;10718;Exact location;;;;"El proyecto Laguna Seca está ubicado en las coordenadas de latitud 17°34'15.65"" N y longitud 89°03'06.30"" O en el distrito de Orange Walk, Belice, a 47,5 km al noroeste de Belmopán, la capital de Belice. ";
FMvcY9_B;10721;Coordinates;Valladolid, Yucatán, México;20.656205,-88.268402;PARQUE FOTOVOLTAICO YUCATÁN SOLAR;"

";En los municipios de Valladolid y Cuncunul, ubicados a unos 144 km al este de Mérida, , y a tan sólo 6 km de la ciudad de Valladolid, la empresa Lightening PV Park, S. de R.L. de C.V., subsidiaria de Jinko Solar, pretende instalar el  Parque Fotovoltaico Yucatán Solar con una capacidad instalada de 70 MW. El proyecto abarca un polígono de 255 hectáreas localizadas entre varias localidades predominantemente mayas (Ebtún, Cuncunul, Dzitnup, Santa Eleuteria e incluso la misma ciudad de Valladolid), ya ha ocasionado la deforestación de alrededor de 200 hectáreas de selva con buena cobertura forestal
glC3q8kB;10734;Administrative region;Santa Cruz do Xingu, Mato Grosso, Brasil;-10.15532,-52.39191;;;
PIAZ7sz2;10735;Administrative region;São José do Xingu, Mato Grosso, Brasil;-10.80627,-52.73313;;;
jSWxBrg3;10736;Coordinates;Concepción, Paraguay;-23.61789,-57.04477;Estancia Concepción SPP SA;;
KsLk6_jM;10762;Coordinates;;16.57323,-94.8382;Parque Eólico Oaxaca III;El proyecto está ubicado en el municipio de Juchitán de Zaragoza, una región ventosa del Istmo de Tehuantepec, en el estado de Oaxaca, México.;
25XP88gz;10763;Coordinates;Baixa Grande do Ribeiro, Piauí, Brasil;-9.050846,-45.33867;Fazenda Cerro Azul;;
P_riVKun;10764;Coordinates;;16.61,-94.7899;Parque Eólico Oaxaca IV;El proyecto Parque Eólico Oaxaca IV se ubica en la región del Istmo de Tehuantepec, ubicada en el estado de Oaxaca, municipio de La Venta, con coordenadas 16°36’36,21” N y 94°47’23,98” W. ;
kiSVsHr8;10765;Coordinates;Santa Filomena, Piauí, Brasil;-8.875483,-45.557264;Fazenda Fortaleza;;
y_D7BX2g;10766;Coordinates;Darcinópolis, Tocantins, Brasil;-5.36325,-41.50112;Fazenda Josias;;
BZ5ymSaa;10767;Coordinates;Sebastião Leal, Piauí, Brasil;-8.1233,-44.196022;Fazenda Santa Maria;;
mmVq-g2f;10768;Coordinates;São Luís, Maranhão, Brasil;-3.531619,-43.493819;Fazenda Santo Anjo;;
KqBY51ee;10769;Coordinates;Brejo, Maranhão, Brasil;-3.65359,-42.78796;Fazenda Vontobel;;
eFPdV4xl;10770;Coordinates;;16.583,-94.7891;Parque Eólico Oaxaca II;El proyecto Parque Eólico Oaxaca II se ubica en la región del Istmo de Tehuantepec, ubicada en el estado de Oaxaca, municipio de Santo Domingo Ingenio, con coordenadas 16°34’58,82” N y 94°47’21,06” W.;
ib5sbwOS;10864;Coordinates;;11.32375,-85.72256;Parque Eólico Amayo;El sitio de Amayo está ubicado a 129 km al sur de la capital de Nicaragua, Managua, en la Carretera Panamericana, cerca de la ciudad de Rivas, en el departamento de Rivas. El sitio se encuentra en la costa suroeste del Lago de Nicaragua. ;
7uIdLaMa;10872;Exact location;LDC-SEV Bioenergia - BR-163 - Fazenda Santa Maria – Zona rural, Rio Brilhante - MS, Brasil;-21.73258,-54.50721;LDC SEV Bioenergia - Usina Rio Brilhante;;
yIzdMXyp;11135;Coordinates;;-6.8319,-36.92888;Luzia 2 - Complexo Solar Luzia;Luzia 2 - Complexo Solar Luzia;Solar plant that is part of the Luzia Solar Complex. In operation since 2023, the plant has a capacity of 58,932 MW.
t4CBFr7X;11135;Coordinates;;-6.845705,-36.929913;Luzia 3 - Complexo Solar Luzia;Luzia 3 - Complexo Solar Luzia;Solar plant that is part of the Luzia Solar Complex. In operation since 2022, the plant has a capacity of 58,932 MW.
RrZnGdyb;11144;Exact location;Panguana, Perú;-9.61321,-74.92438;Área de Conservación Privada Panguana;;
eEWzfHF5;11166;Administrative region;Jardín, Antioquia, Colombia;5.59881,-75.81982;;;
KyShF3eD;11169;Exact location;Lavalleja, Uruguay;-34.71996,-55.22127;Forestación ITAA;;
66unXkyo;11204;Exact location;;;Apascalí farm (Ecoteak);;
xeopH0W1;11204;Exact location;;;Limonapa farm (MSSA);;
VKgfziCZ;11204;Exact location;;;Birmania farm (Norteak);;
XznvCb-z;11204;Exact location;;;Camboya farm (Norteak);;
G1673WG2;11204;Exact location;;;Ecuador farm (Norteak);;
tduEUV-d;11204;Exact location;;;Laos farm (Norteak);;
K_ghTKJv;11204;Exact location;;;Malasia farm (Norteak);;
3wPJz7_5;11204;Exact location;;;Tanzania farm (Norteak);;
T_Xlc8Sz;11204;Exact location;;;Tanzania Sur farm (Norteak);;
GuzWFjiD;11245;Exact location;;;;;
-la0wfUy;11357;Coordinates;Morro Agudo, SP, Brasil;-20.616646,-47.999276;Parque de Bioenergia - Vale do Rosário;Fazenda Invernada - 113.26 (ha);"According to data from the National Rural Land Registry System (SNCR), the company owned (through purchase) a total of four properties in the municipality of Morro Agudo: Fazenda Santa Mercedes Gleba A and B; Gleba C Parte 2 – Fazenda Barra do Agudo; Fazenda Santa Carolina Gleba C-1; and Fazenda Santa Carolina Gleba A-1. Together, these four properties amount to 501.86 hectares.

However, on the company’s official website, two farms are listed as operational:  Fazenda Sucuri (1448.7 ha) and Fazenda Invernada (113.26 ha). . These two farms, however, are not registered under the name of Raízen, but rather under the names of individuals. Combined, they total 1,562 hectares."
XLEAu8F5;11357;Coordinates;;-20.826901,-48.142735;Parque de Bioenergia MB;Fazenda Sucuri - 1448.78 ha;"According to data from the National Rural Land Registry System (SNCR), the company owned (through purchase) a total of four properties in the municipality of Morro Agudo: Fazenda Santa Mercedes Gleba A and B; Gleba C Parte 2 – Fazenda Barra do Agudo; Fazenda Santa Carolina Gleba C-1; and Fazenda Santa Carolina Gleba A-1. Together, these four properties amount to 501.86 hectares.

However, on the company’s official website, two farms are listed as operational: Fazenda Sucuri (1448.7 ha) and Fazenda Invernada (113.26 ha). These two farms, however, are not registered under the name of Raízen, but rather under the names of individuals. Combined, they total 1,562 hectares."
FzOG7-Vu;11363;Coordinates;;-16.5595,-43.451;Complexo Eólico Juramento - Juramento 1;Juramento 1 Wind Park - 139,27 hectares;The Juramento Wind Complex consists of eight wind farms, covering an area of 1,443.8 hectares and with a granted capacity of 352.492 MW.
6iGQo8d7;11363;Coordinates;;-16.581553,-43.4606;Complexo Eólico Juramento - Juramento 2;Juramento 2 Wind Park - 194,62 hectares;The Juramento Wind Complex consists of eight wind farms, covering an area of 1,443.8 hectares and with a granted capacity of 352.492 MW.
HF__c04Z;11363;Coordinates;;-16.5538,-43.4707;Complexo Eólico Juramento - Juramento 3;Juramento 3 Wind Park - 161,26 hectares;The Juramento Wind Complex consists of eight wind farms, covering an area of 1,443.8 hectares and with a granted capacity of 352.492 MW.
NlmlMiJP;11363;Coordinates;;-16.5789,-43.4742;Complexo Eólico Juramento - Juramento 4;Juramento 4 Wind Park - 210,32 hectares;The Juramento Wind Complex consists of eight wind farms, covering an area of 1,443.8 hectares and with a granted capacity of 352.492 MW.
1of0nnbQ;11363;Coordinates;;-16.6954,-43.4817;Complexo Eólico Juramento - Juramento 5;Juramento 5 Wind Park - 172,80 hectares;The Juramento Wind Complex consists of eight wind farms, covering an area of 1,443.8 hectares and with a granted capacity of 352.492 MW.
3LYH0QMk;11363;Coordinates;;-16.7226,-43.4897;Complexo Eólico Juramento - Juramento 6;Juramento 6 Wind Park - 205,42 hectares;
dEgd_36U;11363;Coordinates;;-16.6833,-43.4994;Complexo Eólico Juramento - Juramento 7;Juramento 7 Wind Park - 156,83 hectares;The Juramento Wind Complex consists of eight wind farms, covering an area of 1,443.8 hectares and with a granted capacity of 352.492 MW.
4_6yNgAQ;11363;Coordinates;;-16.7116,-43.518;Complexo Eólico Juramento - Juramento 8;Juramento 8 Wind Park - 203,30 hectares;The Juramento Wind Complex consists of eight wind farms, covering an area of 1,443.8 hectares and with a granted capacity of 352.492 MW.
mVImEevd;11368;Coordinates;;-28.17628,-63.165734;Finca El Juramento;El Proyecto El Juramento se encuentra ubicado en la provincia de Santiago del Estero, en el departamento de Juan F. Ibarra, a 7 kilómetros del pueblo de Matara, a lo largo de la Ruta Provincial 21 y a casi 40 km de la Ruta Nacional 89. ;
fm6bxEP7;11373;Coordinates;El Puente, Guarayos, Santa Cruz, Bolivia;-16.400078,-63.449461;;;
GHV-OJm8;11374;Coordinates;Santa Rosa, Sara, Santa Cruz, Bolivia;-16.996528,-63.522845;La Primavera;;
Knss56Rp;11378;Administrative region;Los Palacios, Los Palacios, Pinar del Río, Cuba;22.58811,-83.24257;;;
8RXWY1do;11401;Coordinates;Freirina, Chile;-28.8471,-71.4324;Parque eólico Sarco;;
uthfhv8B;11402;Coordinates;Sierra Gorda, Chile;-22.87106,-68.96227;Parque Eólico Sierra Gorda Este.;;
v0c8Q2Jx;11405;Coordinates;Parque Eólico Taltal, Taltal, Chile;-25.06579,-69.86917;Taltal;;
UCsy9tDp;11406;Coordinates;;-36.46205,-71.9643;Finca Los Nevados.;La propiedad se encuentra localizada en San Carlos, Ñuble, Chile.;
dRmdGEko;11408;Coordinates;Taltal, Chile;-24.899327,-69.798342;«Lote B» Reserva Eólica Taltal 2;;
jPu00vJo;11409;Coordinates;;-35.3321,-71.32954;La Crianza;El proyecto se localiza en Pelarco, Maule, Chile. ;
FHPXhx15;11410;Coordinates;Taltal, Chile;-24.944963,-69.939168;" ""Lote B"", Reserva Eólica Taltal 1.";;
pub2wpNC;11411;Coordinates;Taltal, Chile;-24.882356,-69.862013;"""Lote A"", Reserva Eólica Taltal 2";;
yTxAlhx4;11412;Coordinates;Taltal, Chile;-24.952141,-69.975404;"""Lote C"", Reserva Eólica Taltal 1.";;
IvqoSu_J;11413;Coordinates;Taltal, Chile;-24.941883,-69.771646;"""Lote C"", Reserva Eólica Taltal 2.";;
ekWSD0w8;11414;Coordinates;Taltal, Chile;-24.992107,-70.027676;"""Lote I"", Reserva Eólica Taltal 1.";;
mvGPxlYB;11417;Coordinates;El Loa, Calama, Chile;-22.529545,-68.75686;"""Sureste de Calama, Lote A""";;
YbU9qFZA;11420;Coordinates;;-34.71695,-70.9476;Rancho El Paraíso;La propiedad se localiza en Chimbarongo, O'Higgins, Chile.;
JxU5Yxy6;11421;Coordinates;Taltal, Chile;-24.953129,-70.043032;Reserva Eólica Taltal Noroeste;;
Ka2YwK2u;11422;Coordinates;Taltal, Chile;-25.54996,-70.211157;Sureste de Taltal;;
kh0_S-jx;11423;Coordinates;Antofagasta, Chile;-24.068164,-68.572819;Sector Subestación Andes;;
sf3LsP8w;11424;Coordinates;María Elena, Chile;-22.302616,-69.579983;María Elena Noreste;;
HUnPlm60;11426;Coordinates;;-34.238174,-71.371828;La Rinconada;La propiedad se localiza en Las Cabras, O'Higgins, Chile.;
i7qY8qy5;11427;Coordinates;;-33.599808,-71.037394;El Mandarino;La propiedad se localiza en Milipilla, Región Metropolitana, Chile.;
L31V1-1a;11428;Coordinates;;-32.750271,-70.571125;La Victoria;La propiedad se localiza en San Esteban, Valparaíso, Chile. ;
D1TR_Im2;11429;Coordinates;Sierra Gorda, Chile;-23.431222,-69.409347;Sector Laberinto;;
4v9abvgp;11431;Coordinates;;-34.079814,-71.27175;Alhue;La propiedad se localiza en Las Cabras, O'Higgins, Chile.;
of-fSpbT;11432;Coordinates;;-34.929498,-71.272187;Sagrada Familia;La propiedad se localiza en Rauco, Maule, Chile.;
5jFBQ0u2;11433;Coordinates;;-34.895131,-71.277163;Rauco;La propiedad se localiza en Rauco, Maule, Chile.;
jFtc5r50;11434;Coordinates;;-35.492862,-71.877838;San Javier;La propiedad se localiza en San Javier de Loncomilla, Maule, Chile.;
Cj8qcPfa;11435;Coordinates;;-34.135434,-70.669499;Las Delicias;La propiedad se localiza en Codegua, O'Higgins, Chile.;
uhtN7oAu;11436;Coordinates;;-31.875345,-71.28215;SJ de Rauco;La propiedad se localiza en Los Vilos, Coquimbo, Chile.;
2jKQgBU_;11442;Coordinates;María Elena, Chile;-22.438972,-69.513345;Sector Miraje;;
CxcjyjKt;11444;Coordinates;Taltal, Chile;-25.122458,-70.284187;Estancia Vieja;;
GwVk_Sed;11445;Coordinates;Copiapó, Chile;-27.21833,-70.111744;Llanos de Chulo;;
pTF4Mm-Z;11456;Coordinates;Taltal, Chile;-25.027459,-69.955524;Salinitas;;
-MsjNx55;11457;Coordinates;Taltal, Chile;-24.980908,-69.957514;Oficina Alemana 2 y 3;;
C-0iE52C;11476;Coordinates;Alto Parnaíba, Maranhão, Brasil;-8.779288,-46.055495;Mandacaru;;
UMTbSAoI;11477;Coordinates;Alto Parnaíba, Maranhão, Brasil;-8.874452,-46.03738;Penitente;;
u5LFJzWP;11480;Coordinates;Tangará da Serra, Mato Grosso, Brasil;-14.030128,-57.236164;Weisul;;
mdG1d2iG;11481;Coordinates;Andradina, Estado de São Paulo, Brasil;-20.88664,-51.112289;Cosan AraÃ§atuba - Vale da Ponte Alta;;
oDvyPndW;11482;Coordinates;Valparaíso, Estado de São Paulo, Brasil;-21.296695,-50.912016;Sugarcane Block One (C&A) - NAPA;;
bIavjhOY;11482;Coordinates;Valparaíso, Estado de São Paulo, Brasil;-21.324839,-50.956824;Cosan AraÃ§atuba - Aguas da Ponte Alta;;
UuXCWHWC;11483;Coordinates;Araraquara, Estado de São Paulo, Brasil;-21.927065,-48.1544;Cosan Sao Carlos - Bioinvestments;;
mbNS6gux;11484;Coordinates;São Carlos, Estado de São Paulo, Brasil;-22.060505,-48.049236;Cosan Sao Carlos - Proud;;
qID985Dk;11485;Coordinates;Río Claro, Rio Claro - Estado de São Paulo, Brasil;-22.522094,-47.65353;Sugarcane Block One NA;;
KBXYecEw;11486;Coordinates;Monte Mor, Estado de São Paulo, Brasil;-22.922903,-47.380663;Sugarcane Block One (C&A) - NSBA;;
2CygCbMI;11487;Coordinates;Capivari, Estado de São Paulo, Brasil;-23.073596,-47.480716;Cosan Piracicaba - Proud;;
ttUvEP0R;11488;Coordinates;Ipaussu, Estado de São Paulo, Brasil;-23.100048,-49.601617;Sugarcane Block One (C&A) - TPA;;
m2dguxY3;11488;Coordinates;Ipaussu, Estado de São Paulo, Brasil;-23.082635,-49.581397;;;
Zg2QICKy;11494;Coordinates;Antofagasta, Chile;-23.962443,-70.296101;Estación La Negra;;
ybs5E3MZ;11515;Coordinates;Caetité, Bahía, Brasil;-14.174683,-42.509075;Complexo Eólico Caetité 1;;
R4ZRqOw8;11528;Coordinates;;6.104425,-68.101812;Finca La Paz;El proyecto Finca La Paz II está localizado en Colombia, en el departamento de Vichada. Específicamente, se encuentra en el municipio de Puerto Carreño.;"La finca La Paz se encuentra en las coordenadas 6° 05' 38” N y 68° 07' 32"" O. Está situada sobre la carretera 40 (en dirección a Villavicencio), a 50 kilómetros al oeste del área urbana de Puerto Carreño."
pa_EwE1S;11530;Coordinates;;5.422513,-70.148079;Finca Potosí;"El proyecto ""Bella Bosque Vichada Afforestation Project"" está diseñado como un proyecto agrupado que se localizará en municipios del departamento de Vichada, Colombia. Las instancias iniciales del proyecto se encuentran específicamente en el municipio de La Primavera. Este municipio está ubicado aproximadamente a mitad de camino entre Puerto Carreño (la capital del departamento de Vichada, en la frontera con Venezuela) y Villavicencio (una ciudad importante en el departamento del Meta).";La Finca Potosí es la plantación inicial.
sQKVxZAK;11543;Coordinates;Itarema, Ceará, Brasil;-2.94407,-39.864801;Complejo Eólico Itarema;;El Complejo Eólico Itarema está conformado por 9 centrales generadoras eólicas. 
3pMGdPsF;11560;Approximate location;Ica, Perú;-14.07546,-75.73418;;;
sWivURGG;11563;Coordinates;María Elena, Chile;-22.282847,-69.468862;Kimal, lotes A1 y A2;;
C4sssg8K;11564;Coordinates;Tamarugal, Chile;-20.626311,-69.511132;Pintados;;
6ykpN7Sc;11568;Coordinates;María Elena, Chile;-22.315468,-69.493661;Kimal B4 y B5;;
jO1bjQFT;11571;Coordinates;María Elena, Tocopilla, Chile;-22.158904,-69.491427;Quillagüita;;
iZbrN125;11572;Coordinates;Alto Hospicio, Chile;-20.250868,-69.96827;Pampa Perdiz;;
Mr76qUPL;11617;Coordinates;São Miguel do Gostoso, Río Grande del Norte, Brasil;-5.140471,-35.657956;Complejo Eólico São Miguel do Gostoso;;Este complejo eólico está confomado por las centrales generadoras Carnaúbas, Reduto, Santo Cristo y São João.
rGAbeWa-;11627;Coordinates;Taltal, Antofagasta, Chile;-24.997523,-69.875032;Reserva Eólica Taltal 1, lote A;;
il3vzsgV;11628;Coordinates;São Bento do Norte, Río Grande del Norte, Brasil;-5.154051,-36.032283;Complejo Eólico Ventos de São Fernando;;
zcFrb18S;11639;Coordinates;Pedra Grande, Río Grande del Norte, Brasil;-5.157754,-35.78623;Complejo Eólico Cumaru;;Este complejo eólico está conformado por cinco centrales generadoras.
